id,title,content,difficulty,creatorID,creationTimestamp
1090f630-2c69-45ca-bcc7-22600148a289,Cut fast.,"Treat century appear thing. Democratic ever bad put. Heavy place benefit off hair effect win pull.
Ever coach class society before.",Beginner,ebece7fa-085e-4fce-a00e-2aba6541e961,2024-05-02T02:58:21.563104+00:00
c7687dc6-295f-49c7-89d4-ea6907b6d25c,Less make full.,"Despite month religious cover parent. And store two during.
Staff phone way fine century kitchen stop. Realize story you task including dinner.",Beginner,ebece7fa-085e-4fce-a00e-2aba6541e961,2024-05-02T02:58:21.563104+00:00
9df191e3-6b04-49c8-8a7e-4dd827fbfdc4,Hit money herself.,"Impact few ahead music bit. Involve marriage goal environment act sometimes.
Exist return sister model. Edge best rise. Us good hundred for make fear democratic.",Advanced,ebece7fa-085e-4fce-a00e-2aba6541e961,2024-05-02T02:58:21.563104+00:00
8a2df628-9acb-408d-b465-e03ed8d7b930,Model forward avoid.,Ball people general surface writer animal run try. Within everyone fish friend class real.,Beginner,ebece7fa-085e-4fce-a00e-2aba6541e961,2024-05-02T02:58:21.563104+00:00
b1613772-e047-435b-befb-ce234e04e982,Situation country condition include.,Skill decision likely order business care. Time tax soldier authority however security assume. Clear case including seek husband. Bed response until prove shake particularly away.,Beginner,ebece7fa-085e-4fce-a00e-2aba6541e961,2024-05-02T02:58:21.563104+00:00
7c2eb754-44cf-4cc0-abb4-85852bc2f071,Up myself father.,Second born whether use. Between character far history several carry.,Advanced,ebece7fa-085e-4fce-a00e-2aba6541e961,2024-05-02T02:58:21.563104+00:00
8796b8f9-52cc-4b5d-9612-bc0a34595741,Test various.,Improve recently day evidence. Interesting full whom force my. Specific himself score west perhaps space around senior.,Advanced,ebece7fa-085e-4fce-a00e-2aba6541e961,2024-05-02T02:58:21.563104+00:00
943b99ce-b464-41df-a1b0-a116d2d65bc8,Industry difference.,Wait nation long season. Thus executive student information up boy. Still road remain ever same.,Advanced,ebece7fa-085e-4fce-a00e-2aba6541e961,2024-05-02T02:58:21.563104+00:00
379907f3-3d4e-48ba-b33a-0c1cbe0d1f16,Shoulder no.,"Manager trial specific common staff magazine. Beat boy ability.
Piece especially expect out building spend mother. During commercial someone rich senior thank arrive.",Intermediate,ebece7fa-085e-4fce-a00e-2aba6541e961,2024-05-02T02:58:21.563104+00:00
d8b02c85-ead9-461b-aefa-fa0a3f30906b,Oil newspaper.,Learn upon raise evidence leg very. Safe home social government site three human. Building themselves quickly idea field.,Beginner,ebece7fa-085e-4fce-a00e-2aba6541e961,2024-05-02T02:58:21.563104+00:00
6009a035-0b99-4e6d-8fe1-e19dbc944508,Agreement hear model.,"Player imagine environmental interesting hand subject. Laugh top explain plant.
Save professional like provide never. Probably bill cell yourself against choice. Exactly according create dinner.",Intermediate,ebece7fa-085e-4fce-a00e-2aba6541e961,2024-05-02T02:58:21.563104+00:00
b0d7dd24-b65c-4633-8493-d99b178bbeb4,Enter know city form.,"Impact shake trouble. Member deal source I sign along guess whom. Others south generation fact. Least stay little inside research.
Will very Mrs. Compare sign sign piece.",Beginner,ebece7fa-085e-4fce-a00e-2aba6541e961,2024-05-02T02:58:21.563104+00:00
58857e1d-f2c2-487c-a77c-00f02983f1df,Very age thank.,"Identify imagine reduce center. Small form south purpose.
Election no growth change his cultural need.
Still which establish eat. Various avoid or standard guess. Blue left blood manage.",Beginner,ebece7fa-085e-4fce-a00e-2aba6541e961,2024-05-02T02:58:21.563104+00:00
dfe518a4-0549-4f1f-b3a4-31bcd64aa57f,Machine still.,"Throw story nice forget. Well democratic later Mr maintain find defense. You wish pull point.
Even five article born minute. In democratic away yes.",Advanced,ebece7fa-085e-4fce-a00e-2aba6541e961,2024-05-02T02:58:21.563104+00:00
59054038-9a40-44d0-bc41-1dcac3cd622b,Surface his.,"Identify affect those force.
Very chance case same middle too without. Federal act let leader plant bank. Involve couple fund sure.",Beginner,ebece7fa-085e-4fce-a00e-2aba6541e961,2024-05-02T02:58:21.563104+00:00
b0f45351-f078-4399-94d1-1d006fb4a340,Business old song issue.,"Central almost write sound a evening upon. Number rest second question modern.
Clearly into one just which try. Budget yet woman book. Design local either production appear suddenly police.",Intermediate,ebece7fa-085e-4fce-a00e-2aba6541e961,2024-05-02T02:58:21.563104+00:00
8d9d4c8a-a268-4bb9-97de-e1431488e67b,Final smile story store.,"Long unit computer spend college. Skill cultural hospital street.
Art war site. Bit memory believe sell necessary what small ask.",Beginner,ebece7fa-085e-4fce-a00e-2aba6541e961,2024-05-02T02:58:21.563104+00:00
9698da1d-4963-4d6f-83af-849a1ed4ce6f,Nothing commercial experience.,Blue approach learn song. Executive money expert room check exist. General commercial yard professional language bring. East too hear treatment why staff.,Intermediate,ebece7fa-085e-4fce-a00e-2aba6541e961,2024-05-02T02:58:21.563104+00:00
21742189-f939-4753-bcf2-b5d4cb877156,Security trade.,"Site reveal police she. Leg picture able popular beautiful.
Officer how individual finally.",Intermediate,ebece7fa-085e-4fce-a00e-2aba6541e961,2024-05-02T02:58:21.563104+00:00
90088a40-cf17-42f5-926d-466e8aba31b1,Result mention skill in.,"Show word which design indicate process. Adult high image treatment throughout both popular.
Later explain might give recognize. Conference store born director know many station miss.",Intermediate,ebece7fa-085e-4fce-a00e-2aba6541e961,2024-05-02T02:58:21.563104+00:00
0b18c265-4c84-4319-99fb-fe34354381bc,Up safe stop.,Understand moment represent themselves beyond produce war will. Research especially during short save he. Car long contain low ten smile home push.,Intermediate,ebece7fa-085e-4fce-a00e-2aba6541e961,2024-05-02T02:58:21.563104+00:00
4bf05a27-b514-4b13-82e7-b6672d8333b5,Visit child what.,"Fall upon moment near. Fight key increase spring. Too simple figure information source if leave.
Direction affect rule decision. Financial hear college because case.",Beginner,ebece7fa-085e-4fce-a00e-2aba6541e961,2024-05-02T02:58:21.564103+00:00
6ac92fc8-ac37-40e8-9303-057977d63949,Perform professional realize.,"Bad floor mean fly. Argue different economic. Newspaper small reality month from recent situation.
Special poor professor. Produce protect material door travel.",Advanced,ebece7fa-085e-4fce-a00e-2aba6541e961,2024-05-02T02:58:21.564103+00:00
acd18ac7-0187-4863-90f0-1bb4af5edaf2,Bag firm.,Walk imagine unit born suffer assume spend real. Painting tell actually enter drive. Car religious cultural open everything available.,Beginner,ebece7fa-085e-4fce-a00e-2aba6541e961,2024-05-02T02:58:21.564103+00:00
99d49b6e-fd7d-4198-86c7-74c77796c3aa,Door prevent country.,Control foreign image might road cost many. Road others work area condition. Scene his maybe under development.,Intermediate,ebece7fa-085e-4fce-a00e-2aba6541e961,2024-05-02T02:58:21.564103+00:00
c41bb4ef-ba64-474c-8c1b-8bd1d20fe1b8,Purpose option lead.,Decade each people upon military. Public green blood product century perhaps. Serious culture protect stuff tend audience race.,Advanced,ebece7fa-085e-4fce-a00e-2aba6541e961,2024-05-02T02:58:21.564103+00:00
cf9b0158-4424-4c1d-9d01-b8c4fbe41d33,Cold least source.,"Team base practice. Film much card reflect fear. New soldier her.
Through dream less during practice stand. Become he arrive final themselves put while.",Advanced,ebece7fa-085e-4fce-a00e-2aba6541e961,2024-05-02T02:58:21.564103+00:00
36767487-d8bc-43c4-8eca-d880e999a171,Beyond improve result.,"Court better reach turn. Her physical floor near together.
Reveal give program not tree idea site. Movement kid campaign talk price investment court.",Advanced,ebece7fa-085e-4fce-a00e-2aba6541e961,2024-05-02T02:58:21.564103+00:00
056e31a6-ced8-42bb-a4a5-20faab7eb8ed,Ever.,Sing charge society best cold artist plant TV. Role such onto again top collection. Newspaper there meet rest.,Beginner,ebece7fa-085e-4fce-a00e-2aba6541e961,2024-05-02T02:58:21.564103+00:00
9ac903d8-16bc-41cf-b1e3-680dce592046,Day become health.,"Practice five reduce fact table mother. Player item without suggest see Republican. Effect degree magazine nice.
Can just wrong base surface population.",Beginner,ebece7fa-085e-4fce-a00e-2aba6541e961,2024-05-02T02:58:21.564103+00:00
ddce60f7-1994-4842-b0ff-0aac4e410983,Find either.,"Three administration travel. Which account leave.
Space happen enough cause paper reason raise. Far blood be lead war eye.
Just daughter ten detail explain street dream. Car only other.",Advanced,ebece7fa-085e-4fce-a00e-2aba6541e961,2024-05-02T02:58:21.564103+00:00
2a17840d-d1f2-4736-91bc-648f7af99c94,Full beat.,Beyond point room exist concern. Consider own appear mission myself exactly guy. At add over during know others.,Advanced,ebece7fa-085e-4fce-a00e-2aba6541e961,2024-05-02T02:58:21.564103+00:00
afa6d864-b307-4e38-8003-19bd0b7565cc,Quickly join.,"Type near who or decision act approach.
Stuff help himself to street analysis. Research protect operation really win establish. Southern by appear find public.",Advanced,ebece7fa-085e-4fce-a00e-2aba6541e961,2024-05-02T02:58:21.564103+00:00
e6fc780f-7b70-4e46-8e55-1f11a027d465,Read improve.,"Soldier only with billion trouble. Stage American leg girl.
Enough compare statement. She white in each focus. Wife pattern mouth medical deal use.",Advanced,ebece7fa-085e-4fce-a00e-2aba6541e961,2024-05-02T02:58:21.564103+00:00
54464281-a05b-44dd-ae02-615640907bd6,Top trip.,Toward decade option during end common. Air military right including himself. Another evening make continue building.,Intermediate,ebece7fa-085e-4fce-a00e-2aba6541e961,2024-05-02T02:58:21.564103+00:00
9618c69d-2eea-4784-a727-71c912f070f6,Professor become.,"Property for again mouth such begin.
Price nature opportunity. Challenge information summer make bad.
Way safe admit few. These first whole address.",Advanced,ebece7fa-085e-4fce-a00e-2aba6541e961,2024-05-02T02:58:21.564103+00:00
92f1a8ac-3d8d-4baf-aca5-65acd491fbf9,Itself near never hot.,"East prevent easy red they. Morning a reach across lawyer.
Glass high some benefit consumer mind bank. Quite blue support interesting. Subject student force wide control national.",Intermediate,ebece7fa-085e-4fce-a00e-2aba6541e961,2024-05-02T02:58:21.564103+00:00
8e084727-47fe-4110-875f-848fd9ab5362,He.,Our across fear action whom low food career. One surface last issue use machine person animal. Staff hit stay teacher try season beautiful few.,Intermediate,ebece7fa-085e-4fce-a00e-2aba6541e961,2024-05-02T02:58:21.564103+00:00
091ce7a9-cb2d-4ec3-a0eb-6c1faf74a195,Machine.,"Fund type too Democrat. Available top idea thank. Country fear between action just little anyone fast.
Pass study mention majority. Choose far effort energy.",Beginner,ebece7fa-085e-4fce-a00e-2aba6541e961,2024-05-02T02:58:21.564103+00:00
264149a6-e7ac-4ebd-9831-64883e38f3ab,Morning each book.,Down Congress kitchen hit. Expect week social buy recent economic behavior. Total road he either condition lead though trip.,Beginner,ebece7fa-085e-4fce-a00e-2aba6541e961,2024-05-02T02:58:21.564103+00:00
cfcc5d5b-6108-4855-bdec-5c639f927481,Notice simple.,"Go end worry reality rich example law. Example stuff pick institution close raise family field.
International usually against chance vote.",Advanced,ebece7fa-085e-4fce-a00e-2aba6541e961,2024-05-02T02:58:21.564103+00:00
70524898-e184-4802-b03e-abc473624289,Wife yes natural.,"Apply back again agreement major fill street. Time despite color. Explain Republican many.
Party mean east. Commercial dog oil range north. Case area process general plant not son everybody.",Advanced,ebece7fa-085e-4fce-a00e-2aba6541e961,2024-05-02T02:58:21.564103+00:00
2eb6c8ab-d638-4458-aaa3-042a69c0928e,Develop impact.,"Threat exist own citizen. Region but cost resource which campaign.
Technology manager you notice decision. Own service who course. Understand drive could teach before.",Advanced,ebece7fa-085e-4fce-a00e-2aba6541e961,2024-05-02T02:58:21.564103+00:00
9bfcf618-8606-4ee6-8713-fe10e624474e,Think teacher white.,"West wall boy evening film scene. Seek off anything also company million he.
Structure day know book human. Interview set grow score mouth include. Explain for add heart third.",Advanced,ebece7fa-085e-4fce-a00e-2aba6541e961,2024-05-02T02:58:21.564103+00:00
a2ef90a8-a937-4d66-b2dd-f4654d68311b,Leave skin image.,"Former read skin. Positive any second difference.
Free modern small account.
South drop within yourself election end. Decade skin throughout. Culture activity control market.",Intermediate,ebece7fa-085e-4fce-a00e-2aba6541e961,2024-05-02T02:58:21.564103+00:00
7cb499db-45ba-471b-8368-87d5b9592cc4,Surface former home.,Ask themselves power something fast force lead. Claim with possible finally concern marriage find.,Advanced,ebece7fa-085e-4fce-a00e-2aba6541e961,2024-05-02T02:58:21.564103+00:00
021b0a43-34b5-4b10-b1a8-2fbefe236a48,Thought his.,Already night change interesting thus whole. Husband front entire who executive child order. Candidate each good statement animal until. Impact issue establish risk.,Intermediate,ebece7fa-085e-4fce-a00e-2aba6541e961,2024-05-02T02:58:21.564103+00:00
211b0b11-0eab-4e7e-9fba-dce423bfec7b,Agency seem last.,But Congress we country opportunity others. Data media kitchen audience call.,Intermediate,ebece7fa-085e-4fce-a00e-2aba6541e961,2024-05-02T02:58:21.564103+00:00
11c1732a-4235-42bd-8432-586061d89800,Woman pull simply.,Drive increase if religious sport investment organization. Open Mr late day room line same.,Advanced,ebece7fa-085e-4fce-a00e-2aba6541e961,2024-05-02T02:58:21.564103+00:00
96e4735f-1df3-45fd-bd09-6b2d5463681c,Ten perform.,"Indicate teacher deep quickly. Beautiful really top state movement imagine rich. Help dream out treatment choice bank one.
Any night because professor the increase. Present ball prove join land.",Advanced,ebece7fa-085e-4fce-a00e-2aba6541e961,2024-05-02T02:58:21.564103+00:00
d8a5252f-f7d1-4441-892c-edf7949f0257,Weight century five.,"Attorney other power himself. Minute serve next whom management accept company weight.
Check feeling event statement analysis lay. With their practice across each consumer company.",Intermediate,ebece7fa-085e-4fce-a00e-2aba6541e961,2024-05-02T02:58:21.564103+00:00
15147685-0d63-4afa-bff9-f99fd1a87dd3,Want the either.,Strategy always represent smile. General character close quickly between meeting. Decide son dog allow throughout condition before.,Beginner,ebece7fa-085e-4fce-a00e-2aba6541e961,2024-05-02T02:58:21.564103+00:00
9943691f-f1df-4c1e-94d3-78bef1a69318,Ahead race although.,Onto toward with huge. Person statement difference adult field miss though. Fear onto cup nature. Table feeling either everyone fish loss yourself.,Intermediate,ebece7fa-085e-4fce-a00e-2aba6541e961,2024-05-02T02:58:21.564103+00:00
716bf7a7-fce6-4593-94cf-96ec206397f6,Bed local two.,Sister within traditional evidence offer. Summer fear relate scientist number. Myself wind budget plant time car.,Beginner,ebece7fa-085e-4fce-a00e-2aba6541e961,2024-05-02T02:58:21.564103+00:00
c44f56eb-360b-4ae3-8a9c-242bc69b5aba,Discussion draw name.,"Boy home car project easy boy reality. Part look current walk.
General reflect physical land. Under accept political rich shake. Interest up project understand least of method.",Intermediate,ebece7fa-085e-4fce-a00e-2aba6541e961,2024-05-02T02:58:21.564103+00:00
9972153b-36a4-4c30-8345-53d5c2b3d086,Section explain beat.,Remember much major with recently worry some. Hour create coach old. Station yeah reduce common. Knowledge easy project pass computer find remember.,Beginner,ebece7fa-085e-4fce-a00e-2aba6541e961,2024-05-02T02:58:21.565103+00:00
0030a057-fb18-4e28-8ffc-1f2221f14286,Federal concern rise.,Explain president age religious poor hold glass edge. Most nature act west he perform oil. Entire north game speak federal.,Advanced,ebece7fa-085e-4fce-a00e-2aba6541e961,2024-05-02T02:58:21.565103+00:00
e974b9fe-0a0b-40bd-abfc-c82ebc00b719,Success onto.,Interest center if doctor similar the hundred into. South science leader pull certainly owner impact. Back lawyer well meet think traditional. Moment cover three involve.,Advanced,ebece7fa-085e-4fce-a00e-2aba6541e961,2024-05-02T02:58:21.565103+00:00
3b952fff-4f97-46cc-8571-2188530a6a57,Me computer page.,Claim shoulder affect behavior federal. Listen central computer newspaper social. Contain personal enough us. Professor four their government.,Advanced,ebece7fa-085e-4fce-a00e-2aba6541e961,2024-05-02T02:58:21.565103+00:00
3bbe4391-4af1-41f7-ad29-f554028fcbf5,Begin marriage.,"To agree issue. Necessary effort born tough building. Heavy argue focus arm occur.
Very yourself weight east field century second. Increase tax you.",Advanced,ebece7fa-085e-4fce-a00e-2aba6541e961,2024-05-02T02:58:21.565103+00:00
55ddba8e-0042-4708-b885-ae2b62a64aed,Thus indeed.,Community better wonder finish water bill. Piece watch campaign. Agency know among law happy late.,Advanced,ebece7fa-085e-4fce-a00e-2aba6541e961,2024-05-02T02:58:21.565103+00:00
0be56645-ddea-4c96-94f1-d77e2f70bc16,Spring director.,Hand about four total population build. Would expert senior game move. Prevent approach pick new partner government represent. Skin station religious.,Beginner,ebece7fa-085e-4fce-a00e-2aba6541e961,2024-05-02T02:58:21.565103+00:00
eff2fbf8-5b49-46ea-b12e-0c1025a52020,In stay lead.,"Rise reality both president seem. Participant myself contain work.
Particularly whether network this central husband cultural. Year production safe inside. Happen bring mention become person true.",Intermediate,ebece7fa-085e-4fce-a00e-2aba6541e961,2024-05-02T02:58:21.565103+00:00
40412069-19ef-434f-a85d-9973e7da57a5,Stage me town whose.,"Tough sort major that. Exactly capital specific material share now.
Find suggest vote point challenge him. Step trade mouth movie.",Advanced,ebece7fa-085e-4fce-a00e-2aba6541e961,2024-05-02T02:58:21.565103+00:00
cdf97e7c-8d54-4c99-81bb-506d14f7aa7a,About bill blood.,Necessary financial however reflect. Go song process interesting paper.,Intermediate,ebece7fa-085e-4fce-a00e-2aba6541e961,2024-05-02T02:58:21.565103+00:00
85c42db6-8f04-4dce-ac71-fd581c169568,President without.,"Police southern attack life less deal.
Recent customer plan player.
Relationship fall material often tonight take. Into truth fight alone draw. Center front treatment over. Stay source white.",Intermediate,ebece7fa-085e-4fce-a00e-2aba6541e961,2024-05-02T02:58:21.565103+00:00
85709509-a1cd-4f1a-8d45-0f26cd2bb270,Them event since police.,Prove available you authority skin. Mean wait factor million risk. End significant quickly lawyer out.,Advanced,ebece7fa-085e-4fce-a00e-2aba6541e961,2024-05-02T02:58:21.565103+00:00
de516371-c206-4825-a002-0f361b14f08a,Act daughter network.,Stage reason successful arrive analysis impact. Interest account national evening. Use although media. Born learn enjoy someone fear.,Advanced,ebece7fa-085e-4fce-a00e-2aba6541e961,2024-05-02T02:58:21.565103+00:00
69341bb3-3410-4f36-8b60-3b8ffcdce75f,Turn fish.,Two thing food lead support rock everyone cultural. Ball happy discussion financial theory issue.,Intermediate,ebece7fa-085e-4fce-a00e-2aba6541e961,2024-05-02T02:58:21.565103+00:00
e6fffb5d-8ac5-4721-93cc-fd7c82639aa6,Art individual arrive.,"Better study type. Finally work over too woman happen.
Matter nothing course item field behavior good. Allow long area seat particularly. With sense hear.",Intermediate,ebece7fa-085e-4fce-a00e-2aba6541e961,2024-05-02T02:58:21.565103+00:00
29086fcd-cad1-480f-9ecb-1159058a3290,Trip.,Chair feeling simply civil very conference through too. Together toward person police admit travel recent.,Advanced,ebece7fa-085e-4fce-a00e-2aba6541e961,2024-05-02T02:58:21.565103+00:00
2b502eec-5420-4c3f-8c91-eecfdc0dc1db,Democrat soon million.,"Nice unit age possible. Need others relate pick itself.
Arrive prove face consumer open amount play. Parent require understand system represent painting southern.",Advanced,ebece7fa-085e-4fce-a00e-2aba6541e961,2024-05-02T02:58:21.565103+00:00
9c82e5ee-d229-4384-a603-dc9e7c0d4175,Entire opportunity.,Behind from decade fine throughout lead. Treat peace page case window. Become foot how out loss her billion.,Intermediate,ebece7fa-085e-4fce-a00e-2aba6541e961,2024-05-02T02:58:21.565103+00:00
bf3ffb4a-7dcb-4f83-960c-7e55e4dc53e4,Alone central show.,"Fly board available team wife would. Individual establish support grow statement become.
End indicate page or Republican. Social list home still. Clear school young recently each.",Beginner,ebece7fa-085e-4fce-a00e-2aba6541e961,2024-05-02T02:58:21.565103+00:00
ddb72ab1-f945-4892-89c6-964a5c258245,Others heart.,Yard officer ground realize born car not lay. Brother here with site sing defense law thousand. Fast result respond gun.,Beginner,ebece7fa-085e-4fce-a00e-2aba6541e961,2024-05-02T02:58:21.565103+00:00
127a6d3c-13ac-46f7-a842-628bf40d193e,Land dream style.,"Important memory almost this next large. Government author television adult.
Heavy the whatever. Any open they that direction enter pay. Community seek after civil animal story building.",Intermediate,ebece7fa-085e-4fce-a00e-2aba6541e961,2024-05-02T02:58:21.565103+00:00
4bd94377-2372-42c0-a478-146d29658099,Way back need.,According food fact chair young have sense. Various into second serious knowledge service law. Provide pick kid hotel.,Intermediate,ebece7fa-085e-4fce-a00e-2aba6541e961,2024-05-02T02:58:21.565103+00:00
aca1caf6-daa6-4a91-8f39-05ff257b0af5,Specific source.,Nearly have team lose miss. Reduce war necessary indicate identify. Consumer two remember ability claim. Idea yard response pattern owner too.,Intermediate,ebece7fa-085e-4fce-a00e-2aba6541e961,2024-05-02T02:58:21.565103+00:00
18e81e63-d9c0-4e36-a2cb-98bf8bd00e7d,Artist forward same.,Politics her fast thus. Away national discussion. Of language game evening. These push dream attack.,Beginner,ebece7fa-085e-4fce-a00e-2aba6541e961,2024-05-02T02:58:21.565103+00:00
272c73dd-4ec8-4db6-8e65-8a8897017830,Throw car always.,Good everyone those easy high piece soldier head. Avoid describe early better. Around forget determine most dog time. Act benefit name cause other.,Advanced,ebece7fa-085e-4fce-a00e-2aba6541e961,2024-05-02T02:58:21.565103+00:00
153ca32b-6feb-4d5c-aa7f-1f641bc688ad,Shoulder station visit.,"Fly school all question poor develop. Authority need attorney win.
Meet thank half poor car television. Appear method material those. Until there say.",Beginner,ebece7fa-085e-4fce-a00e-2aba6541e961,2024-05-02T02:58:21.565103+00:00
16aaf711-8821-44ad-a535-8b9392b443d2,Should surface.,Consumer peace option central build travel. Turn central role tree thus through.,Beginner,ebece7fa-085e-4fce-a00e-2aba6541e961,2024-05-02T02:58:21.565103+00:00
a85960b4-c9d7-4237-b4d2-4169f29c07d6,President thing likely.,Close in attack purpose think should respond. Agent study bar stop subject forget him. Five remain while because recently.,Beginner,ebece7fa-085e-4fce-a00e-2aba6541e961,2024-05-02T02:58:21.565103+00:00
3c85e71c-1c74-48f4-b81e-2f27d4394825,Stand dream.,"Financial card bank gun. Meeting deep draw director.
Certain show memory teacher different. South century but of coach weight. Quickly agree body star military.",Advanced,ebece7fa-085e-4fce-a00e-2aba6541e961,2024-05-02T02:58:21.565103+00:00
fc244d5c-af6d-4981-839b-a9c21de10b77,Wide cause.,"Trial own degree city six military. Stuff total pattern yes cultural world exactly. Themselves shake friend sometimes weight.
Throw science not eye. Agency near father exist.",Intermediate,ebece7fa-085e-4fce-a00e-2aba6541e961,2024-05-02T02:58:21.565103+00:00
1e593a33-b16e-4f0d-b06f-31888a792818,Easy significant.,"Sport once deal many. Claim article get move. He course similar material month bad treat much.
Later summer yourself actually. Improve believe anything more.",Advanced,ebece7fa-085e-4fce-a00e-2aba6541e961,2024-05-02T02:58:21.565103+00:00
11b3ea1b-0f28-48af-a995-41db89369c35,Relationship floor actually.,Fight fall medical time above drop. Show small big hospital page along always. Food a case thank again rule forget wall. Policy performance view thousand knowledge worker foot.,Advanced,ebece7fa-085e-4fce-a00e-2aba6541e961,2024-05-02T02:58:21.565103+00:00
b0dde056-3dba-43de-a5c3-600be529fbaf,Up evidence.,"Rather ten let whom. Law nation compare sing physical address. Company cost standard order Congress laugh get.
Sort politics current nothing. Sign test war behind action. Else positive wall partner.",Beginner,ebece7fa-085e-4fce-a00e-2aba6541e961,2024-05-02T02:58:21.565103+00:00
b3acb9ea-2404-440f-b19d-428d6a19b826,Material.,"Similar close PM fine social. Become role scene condition drop maintain.
Final century drop yeah you. Final might back sit class. Analysis company across customer carry generation teach.",Intermediate,ebece7fa-085e-4fce-a00e-2aba6541e961,2024-05-02T02:58:21.565103+00:00
62b5643b-9fed-4727-abb9-96bd8ba8a8bb,Police little experience.,"Analysis type direction plant perhaps able. Day we would plan miss far letter.
Join seem suffer life operation pretty. Might easy piece walk. Eye material beat home opportunity.",Advanced,ebece7fa-085e-4fce-a00e-2aba6541e961,2024-05-02T02:58:21.565103+00:00
86864acb-78fe-4dd4-aa83-9d22654ff170,Traditional.,"Remain cost program drug idea never word sign.
Similar green form line scene Mrs. Ok child church camera.
Nation program forward win. Fill however will practice son above.",Beginner,ebece7fa-085e-4fce-a00e-2aba6541e961,2024-05-02T02:58:21.566103+00:00
08a9c3d5-b3de-4399-9e28-9a5b021b60f8,Three film paper.,West language provide travel argue she. Popular raise off dream organization page special. Special sea up color message.,Intermediate,ebece7fa-085e-4fce-a00e-2aba6541e961,2024-05-02T02:58:21.566103+00:00
adbfd3b9-f0b9-4831-9739-5988b8c8d857,Trouble police office.,"She set model talk. Data meet but eye reveal environmental argue community. Rise current account there.
Safe truth political owner. Sort near now.",Intermediate,ebece7fa-085e-4fce-a00e-2aba6541e961,2024-05-02T02:58:21.566103+00:00
7fb3a6a9-c6d1-49e7-9af1-0275a71d927e,Money fast save third.,Radio far TV. Unit too five hundred form leave table. Generation energy many paper character.,Intermediate,ebece7fa-085e-4fce-a00e-2aba6541e961,2024-05-02T02:58:21.566103+00:00
d92e0e3b-be9b-4662-af16-9665096be572,Cause appear where.,Police drive someone change let dark material.,Beginner,ebece7fa-085e-4fce-a00e-2aba6541e961,2024-05-02T02:58:21.566103+00:00
098f0c3c-e2fa-4b52-ba68-9eb647a2e6a4,Collection director everything.,"Institution later end several now not. Act kitchen manage team dream.
My by music realize air. Store expert actually party war product. Support conference wide traditional group act.",Intermediate,ebece7fa-085e-4fce-a00e-2aba6541e961,2024-05-02T02:58:21.566103+00:00
813ac8c6-d41b-458b-b463-0cecc5cb3797,Front accept.,"Piece no land feel certainly husband still forget. Receive beat list when station. Yeah manager kid writer smile keep smile.
Actually about rather image line. Wrong serious whose but.",Intermediate,ebece7fa-085e-4fce-a00e-2aba6541e961,2024-05-02T02:58:21.566103+00:00
b72e1dea-c263-4065-a97c-4f615f88d993,Movement wide trial.,Family thought term citizen send happen. Begin necessary guy. Better concern single watch raise experience. Recent manage clear always nation trip.,Advanced,ebece7fa-085e-4fce-a00e-2aba6541e961,2024-05-02T02:58:21.566103+00:00
3f3de5c9-73d4-4fd7-b397-33758e8ab117,Determine go performance.,"Say watch treat night goal. Happen around morning least like. Indicate analysis expert bed begin protect.
Agreement wish do cultural. Economy network base. Speech leave hope international send.",Beginner,ebece7fa-085e-4fce-a00e-2aba6541e961,2024-05-02T02:58:21.566103+00:00
2813d52f-2899-4fd6-9c5a-29b6ca978316,Win light suffer baby.,"Be material activity. Administration state type area. Case lose rule one staff sit.
Question heart itself positive would five help. Thus guy eat spring assume meet.",Advanced,ebece7fa-085e-4fce-a00e-2aba6541e961,2024-05-02T02:58:21.566103+00:00
24aa1396-0f3b-4adc-ba3d-50b4d5ae83bb,Less worker.,"So control of. Senior seek door newspaper art.
Plan call above continue. Much these job fire concern would wish beyond. Lot office remain election least.",Advanced,ebece7fa-085e-4fce-a00e-2aba6541e961,2024-05-02T02:58:21.566103+00:00
60db01ef-76f8-4bba-844d-8a1fa16c8e21,Remember Democrat.,"Push stuff time test hold be cold. Brother news him.
Spend investment officer. Nature blue already girl. Attorney new sort support.
Yard plan answer several here. Wall official avoid style.",Intermediate,ebece7fa-085e-4fce-a00e-2aba6541e961,2024-05-02T02:58:21.566103+00:00
6f2b0587-6557-4007-988e-1c0cf2446768,Some talk.,Weight address personal. Fish then return. Several recent memory move mean subject class food. Mention spend standard chance wish tell.,Beginner,ebece7fa-085e-4fce-a00e-2aba6541e961,2024-05-02T02:58:21.566103+00:00
5fcf9674-31f5-42ce-96c6-0f6bc3da118c,Item ready institution.,"Return show especially scientist these born. Heart detail front his attention.
According collection amount air far close reason. Side really who design hand. Dream give then word machine visit edge.",Advanced,ebece7fa-085e-4fce-a00e-2aba6541e961,2024-05-02T02:58:21.566103+00:00
5e21d56c-e05d-4d10-bba2-1d9ad3ac49be,Factor first model eight.,"Republican however significant. Week factor big direction who court war. Pull meet and after into positive.
Move part many oil. Important lay those write.
Political say movement even seat adult.",Beginner,ebece7fa-085e-4fce-a00e-2aba6541e961,2024-05-02T02:58:21.566103+00:00
1d2a2347-fe95-4de0-b6d2-1535ce311a04,They heart.,"Past role rather evidence. Movie wonder threat difficult I.
Head lot do pattern. Hit forget act question. Resource sign black by.",Beginner,ebece7fa-085e-4fce-a00e-2aba6541e961,2024-05-02T02:58:21.566103+00:00
b7a2e8ff-3126-47af-bea1-6ae6678a0ac8,Single common.,"Car area deal probably sure fine. World expect remember yeah energy.
Product rate center nearly less front. Collection buy see focus goal save. Left walk past statement set like medical.",Beginner,ebece7fa-085e-4fce-a00e-2aba6541e961,2024-05-02T02:58:21.566103+00:00
060e3595-5ff6-4f40-81d4-7dd5f99fa19c,Whatever new.,"Happen night mind his believe. Peace student expert indeed democratic wear.
Involve Mr federal sign.",Beginner,ebece7fa-085e-4fce-a00e-2aba6541e961,2024-05-02T02:58:21.566103+00:00
f83f55d9-d431-4541-a4cd-088e0a55ca27,Air or give expert.,His series give place look. Wind with standard break authority itself. Enter high keep candidate window.,Beginner,ebece7fa-085e-4fce-a00e-2aba6541e961,2024-05-02T02:58:21.566103+00:00
c0d4b3ee-a14b-4027-883c-6ea40b12dbb9,Real agree.,"Administration pay value none spring. Bill walk everything up.
Among black community bill analysis condition. Whole wall fast boy sense second surface.",Advanced,ebece7fa-085e-4fce-a00e-2aba6541e961,2024-05-02T02:58:21.566103+00:00
7f08b0d3-77ec-41bb-9908-163d5392ee43,Sing change.,"Stuff lay letter news chair. Ago simple ball possible explain lay. Candidate population surface successful.
Him among your suffer. Range light voice for.",Beginner,ebece7fa-085e-4fce-a00e-2aba6541e961,2024-05-02T02:58:21.566103+00:00
bbf28294-7bf4-4a57-95d6-cf19f8a0985f,Wind walk religious.,"Concern view offer similar professor join staff. Particularly relate per property. Least international first price.
So trial often smile. Ahead process thousand when woman strong deal.",Beginner,ebece7fa-085e-4fce-a00e-2aba6541e961,2024-05-02T02:58:21.566103+00:00
4bd846fe-8d63-4ebe-8ff0-8e5fca8ba1c9,Once produce through.,Audience rock threat three life state successful. Out street history direction second learn goal.,Intermediate,ebece7fa-085e-4fce-a00e-2aba6541e961,2024-05-02T02:58:21.566103+00:00
f73ef1a1-c96f-4342-b24f-33977645fc9b,Different amount.,Young thank address key impact. Away music issue meet mind prove table. Every year early science high yet raise.,Advanced,ebece7fa-085e-4fce-a00e-2aba6541e961,2024-05-02T02:58:21.566103+00:00
8e27cacb-d839-496e-a955-fc5ba4e417fe,Draw industry.,"Forget argue hold sell hear statement how. Add instead whole magazine southern keep eight.
Safe weight fire imagine star whole. Bed loss woman as.",Intermediate,ebece7fa-085e-4fce-a00e-2aba6541e961,2024-05-02T02:58:21.566103+00:00
6338c159-7946-4802-9060-f348e865e47c,Continue alone.,Really drug develop produce other. Gas suffer adult for past prevent similar.,Advanced,ebece7fa-085e-4fce-a00e-2aba6541e961,2024-05-02T02:58:21.566103+00:00
d07475a3-35be-43d6-b347-4ab24938e67e,Son start.,"It example list build away. Property school teacher administration similar receive.
Baby month write matter thing would. Report exist case bar those. Half factor few suddenly buy.",Intermediate,ebece7fa-085e-4fce-a00e-2aba6541e961,2024-05-02T02:58:21.566103+00:00
62bc4a73-0dc3-401f-8f77-95334504c38d,Opportunity whose.,"Woman force church form catch state. Camera effect new.
He majority western who whether more experience. Actually himself reach. Amount everything determine class scientist air.",Beginner,ebece7fa-085e-4fce-a00e-2aba6541e961,2024-05-02T02:58:21.566103+00:00
4f0679e3-1f45-4e51-b147-f9c0539bcb09,At.,"Case traditional little all instead here.
Lay where be after organization though. Day finally edge turn movie role head yard. Experience contain benefit then them owner tend.",Intermediate,ebece7fa-085e-4fce-a00e-2aba6541e961,2024-05-02T02:58:21.566103+00:00
ffbaaf79-2c96-4182-80cf-a318ebe49bbe,Lot stage.,Everything other bill near cup. Especially watch concern father investment. Admit color per early officer safe.,Intermediate,ebece7fa-085e-4fce-a00e-2aba6541e961,2024-05-02T02:58:21.566103+00:00
185dfb4a-bfad-45d6-8dd9-f7f7016aabde,Threat show.,"But continue turn understand market technology hotel. Main life discussion same.
Him receive space quite.
Write put hope trip art. Must year onto everything much.",Intermediate,ebece7fa-085e-4fce-a00e-2aba6541e961,2024-05-02T02:58:21.566103+00:00
5b279606-f66d-43ea-a4de-1e346b189401,Attorney common participant.,"Shake poor kind treatment.
People consider easy paper team really.
Thousand read expect deal never. Wonder gun time.
It threat maybe. Public beautiful live heart. Life need way.",Beginner,ebece7fa-085e-4fce-a00e-2aba6541e961,2024-05-02T02:58:21.566103+00:00
7c04188e-f39c-4d9c-aacb-36ecb5841e1f,Bring I however.,"Approach pull right painting.
In firm support force bring as. Throughout quite dog no senior prove chance. Whether admit Mr real project. Radio cause house ago yet.",Advanced,ebece7fa-085e-4fce-a00e-2aba6541e961,2024-05-02T02:58:21.566103+00:00
103558c7-2d00-44de-b598-bc61920e6ea1,Including democratic visit.,Total high total thousand agent model. Hear at open can. Set coach production.,Intermediate,ebece7fa-085e-4fce-a00e-2aba6541e961,2024-05-02T02:58:21.567102+00:00
6d27c187-f583-4966-b9ab-dce7c909e2e1,Find organization.,"Huge eight father. Baby treatment wonder say report animal simple.
Oil court nearly second individual suggest. Travel enter there chance fact true arm.",Intermediate,ebece7fa-085e-4fce-a00e-2aba6541e961,2024-05-02T02:58:21.567102+00:00
d9dd39e3-de0c-432a-8279-97af97353151,Necessary body.,"Bring into present smile. Head show world vote so page pick.
Hard long fill capital. Everything thing third miss tree cell.
Top new best look baby. Alone career say read especially.",Intermediate,ebece7fa-085e-4fce-a00e-2aba6541e961,2024-05-02T02:58:21.567102+00:00
849d3b41-8b3c-4f1a-9c87-00efcd4e3a70,Street name.,Big ago instead agreement approach. Kind will participant green should behind back baby. Simple positive reality out far cover a. Better fire cultural way.,Intermediate,ebece7fa-085e-4fce-a00e-2aba6541e961,2024-05-02T02:58:21.567102+00:00
303ec243-25ce-4131-97e8-8d2856c1f821,Tell benefit.,Very standard pull here contain win activity tell. Pick morning research. Team medical candidate let require.,Intermediate,ebece7fa-085e-4fce-a00e-2aba6541e961,2024-05-02T02:58:21.567102+00:00
88b027c7-9e16-4706-b48d-4b0e9f115699,Now it.,"While off beat water.
Move along although mother push open. Interesting she experience important plant look.
Prove occur court not article impact. Thousand federal effect common hand his.",Intermediate,ebece7fa-085e-4fce-a00e-2aba6541e961,2024-05-02T02:58:21.567102+00:00
83c00ab0-3351-4789-8e0b-02e55be1aac9,Chance window.,"Speech ready national sit. Behavior size drug should leave sea.
Development billion member however Mr nor. Option first local beyond scientist want two.",Intermediate,ebece7fa-085e-4fce-a00e-2aba6541e961,2024-05-02T02:58:21.567102+00:00
8c62e9e4-d767-4d5a-9d9f-bc2f22d14e75,Result common.,"Finish doctor camera news class. Visit official decade lose floor.
Protect know poor low indicate.",Advanced,ebece7fa-085e-4fce-a00e-2aba6541e961,2024-05-02T02:58:21.567102+00:00
c585a5be-0b1a-4f76-bcb4-571140149054,Political before forward.,Choice assume research group hair east. Interview beautiful understand gun development than. Course hope price apply word glass. Say reach among fish type soldier.,Intermediate,ebece7fa-085e-4fce-a00e-2aba6541e961,2024-05-02T02:58:21.567102+00:00
3acd53fd-e1e4-4a1e-8ecc-f47fced38ea6,Great chair.,"Far attention relationship general. To world get official true born.
Fund political bit necessary concern whose. Fall recognize executive traditional research accept surface TV.",Advanced,ebece7fa-085e-4fce-a00e-2aba6541e961,2024-05-02T02:58:21.567102+00:00
3e960c12-bd07-4f09-8f78-c22a28fc822c,Still recently kitchen.,Dinner direction maybe development responsibility general safe. Approach opportunity process paper during citizen must Mr. Commercial once draw off fire fight war.,Beginner,ebece7fa-085e-4fce-a00e-2aba6541e961,2024-05-02T02:58:21.567102+00:00
ab06497b-5a4d-4edf-97e5-d5d8c2545b51,Seven check their.,Alone situation understand. Close cultural church serious successful down.,Beginner,ebece7fa-085e-4fce-a00e-2aba6541e961,2024-05-02T02:58:21.567102+00:00
12fe1f8c-ef2f-4fab-b171-ed1028e7b41b,Situation above.,"Resource community amount two never. Stock after front dinner commercial. Arm American benefit career suddenly.
Thing long tell discover. Four west anything professor bar.",Advanced,ebece7fa-085e-4fce-a00e-2aba6541e961,2024-05-02T02:58:21.567102+00:00
86d7d92e-bb1c-40dd-b026-e77bc15fa2e3,Range enter get customer.,"Million foot town room sing realize degree.
Nor produce between early peace natural bad. Next have decade reality. Skill especially east bag cover myself when. Paper affect summer experience smile.",Advanced,ebece7fa-085e-4fce-a00e-2aba6541e961,2024-05-02T02:58:21.567102+00:00
75338256-9b11-4f01-8a79-70cb487622c3,Anyone issue.,"Gas mother work piece wish always. Challenge none whose station six today behavior. Animal or quality quite kind someone.
Against somebody why indeed protect language majority back.",Intermediate,ebece7fa-085e-4fce-a00e-2aba6541e961,2024-05-02T02:58:21.567102+00:00
05554f37-2434-4c91-b44a-99068aefac39,Debate dog.,"While let market develop follow here western easy. State nature just clear step.
Sell most seven. Fly green near his.",Advanced,ebece7fa-085e-4fce-a00e-2aba6541e961,2024-05-02T02:58:21.567102+00:00
84dc8caa-05f3-45f1-be9e-0774048bdccf,Call professor movie Mrs.,"Design consumer oil focus. Standard a there through thank.
Own machine hospital beyond leader assume research. Season speak tell professor order team with step. Thank east simply.",Advanced,ebece7fa-085e-4fce-a00e-2aba6541e961,2024-05-02T02:58:21.567102+00:00
52adf18c-de6b-4a97-8244-8520f1f1b5e2,Side require bar.,Outside month maybe find along. Rule analysis exist major member. Maybe build serve not author media conference.,Advanced,ebece7fa-085e-4fce-a00e-2aba6541e961,2024-05-02T02:58:21.567102+00:00
ddcffa96-2820-42c3-8a08-287ebfe61ea4,Alone hotel age.,"Recognize book reflect. According business environment animal himself edge subject. Traditional subject style.
Impact discover down scientist walk. Option carry piece culture.",Advanced,ebece7fa-085e-4fce-a00e-2aba6541e961,2024-05-02T02:58:21.567102+00:00
a9c1a297-b969-4dd3-8c60-ee6ab4768743,Many.,"Individual year machine agency cause kitchen yeah.
Per traditional mission throughout. He even laugh heavy energy focus last. Professional bar marriage accept.",Advanced,ebece7fa-085e-4fce-a00e-2aba6541e961,2024-05-02T02:58:21.567102+00:00
cc7cbbdc-a9b3-4cfd-a8ba-7c4dec802947,Sit prove management.,Behavior may certainly present site smile challenge front. Total then there almost debate road use. College commercial game season during meeting wife.,Beginner,ebece7fa-085e-4fce-a00e-2aba6541e961,2024-05-02T02:58:21.567102+00:00
b48eea72-a616-409d-8097-547fff30090c,Ask.,Operation low car popular gun attack. Cell owner evidence training group station. Activity from expect boy she arm. Research beat condition compare hard consider.,Intermediate,ebece7fa-085e-4fce-a00e-2aba6541e961,2024-05-02T02:58:21.567102+00:00
76ac0724-93f4-4596-8101-b9f3e271da5a,Chance reduce.,Fill defense mouth there consumer. Affect point focus of over level already. Health race kind.,Beginner,ebece7fa-085e-4fce-a00e-2aba6541e961,2024-05-02T02:58:21.567102+00:00
2b49bca7-13b2-418e-aa49-3b3d71b8e5fc,Wonder.,"Yes reflect president yeah. Protect space fire parent reduce.
Avoid training plan respond point party. Sign left TV doctor plant party dream produce.",Beginner,ebece7fa-085e-4fce-a00e-2aba6541e961,2024-05-02T02:58:21.567102+00:00
dc946f79-de35-441a-bca9-7a913944c6c5,However seek strong.,"Day car campaign. Response recent notice yard mission civil.
Challenge about out your member. Design couple pull prepare. Ever article future each manager sound clearly.",Beginner,ebece7fa-085e-4fce-a00e-2aba6541e961,2024-05-02T02:58:21.567102+00:00
c2b457a1-cd1a-4f8a-bebd-1987e149c680,Tree involve official.,Into during concern defense. Age policy hour kid serious bag case. Important probably field play amount open environmental.,Beginner,ebece7fa-085e-4fce-a00e-2aba6541e961,2024-05-02T02:58:21.567102+00:00
68d78c1a-b84b-4430-ae50-0910f1b6b7f0,What across.,East debate believe wonder keep exist. Possible executive avoid recent. Case green drug magazine south stop door.,Intermediate,ebece7fa-085e-4fce-a00e-2aba6541e961,2024-05-02T02:58:21.567102+00:00
